Date,AAPL,TSLA,LUV
2/28/17,0.000438446,0.015270337,-0.01078202
3/1/17,0.020439324,0.000120025,0.018685047
3/2/17,-0.005937533,0.001839833,-0.022248733
3/3/17,0.005900894,0.004351605,0.022407575
3/6/17,-0.003147726,-0.001430974,-0.022086184
3/7/17,0.001291585,-0.010429561,-0.010964209
3/8/17,-0.003727102,-0.006918983,-0.002639452
3/9/17,-0.002301982,-0.007979929,-0.005645692
3/10/17,0.003316855,-0.004940813,-0.008516684
3/13/17,0.000431635,0.010176905,-0.024874693
3/14/17,-0.001508517,0.048056159,-0.029546852
3/15/17,0.01057603,-0.008798411,0.026664162
3/16/17,0.00163729,0.024713565,-0.00257868
3/17/17,-0.004975178,-0.002098855,-0.017913071
3/20/17,0.010500453,0.001606119,0.005076977
3/21/17,-0.01145201,-0.04291381,-0.02937321
3/22/17,0.011298655,0.017272957,0.011179492
3/23/17,-0.003535329,-0.000901886,-0.001715605
3/24/17,-0.001986877,0.032891101,0.004582928
3/27/17,0.001706436,0.026827766,0.005131983
3/28/17,0.020726716,0.026756033,0.02477293
3/29/17,0.002225142,-0.000252298,-0.013101852
3/30/17,-0.001318182,0.001946752,0.006544562
3/31/17,-0.001875948,0.0013673,-0.001300444
4/3/17,0.000278418,0.07265539,0.004464087
4/4/17,0.007446341,0.017352322,-0.017221927
4/5/17,-0.005180719,-0.028646723,0.005275841
4/6/17,-0.002499818,0.012542407,0.000562503
4/7/17,-0.002227547,0.012855657,0.021730842
4/10/17,-0.001185761,0.032557712,-0.005867214
4/11/17,-0.010756574,-0.011780146,0.015492492
4/12/17,0.001200197,-0.038450341,0.008172961
4/13/17,-0.005288663,0.024120722,-0.021617898
4/17/17,0.005529676,-0.008421069,0.007549379
4/18/17,-0.00444226,-0.003947701,-0.005482514
4/19/17,-0.003682637,0.017552057,0.004226335
4/20/17,0.012511046,-0.009852072,0.023787748
4/21/17,-0.00119361,0.010214539,-0.00571928
4/24/17,0.009629495,0.007951571,0.015459165
4/25/17,0.006196176,0.018699478,0.010621407
4/26/17,-0.005881249,-0.011536362,-0.002627558
4/27/17,0.000765637,-0.004964987,-0.020899102
4/28/17,-0.000973448,0.017626235,0.008430585
5/1/17,0.020396347,0.027891919,0.001067225
5/2/17,0.006344857,-0.012204596,0.036425137
5/3/17,-0.003051014,-0.024679372,-0.002914609
5/4/17,-0.003603477,-0.050028938,0.00309479
5/5/17,0.016583542,0.043626871,0.001028568
5/8/17,0.027188424,-0.003761927,-0.015753355
5/9/17,0.006405027,0.045802256,0.013917923
5/10/17,-0.004740672,0.012326465,0.001544067
5/11/17,0.008648232,-0.006518603,-0.004796937
5/12/17,0.013965831,0.005292401,-0.014976762
5/15/17,-0.002562873,-0.027492981,0.01415592
5/16/17,-0.001476759,0.003577324,0.004135786
5/17/17,-0.033575781,-0.034383773,-0.021108607
5/18/17,0.015241386,0.022704257,0.0043828
5/19/17,0.003408985,-0.007123235,0.013091475
5/22/17,0.006075958,-0.001544252,0.015161892
5/23/17,-0.001234238,-0.02091189,0.012219906
5/24/17,-0.002990746,0.020930692,-0.001005957
5/25/17,0.003456494,0.021307492,0.022490732
5/26/17,-0.001689499,0.026228561,-0.004103744
5/30/17,0.000390411,0.030632912,-0.019614339
5/31/17,-0.005921781,0.017636617,0.010255575
6/1/17,0.002749273,-0.001876866,0.00349468
6/2/17,0.014819214,-0.001527691,0.000995015
6/5/17,-0.00977791,0.021980226,0.012534275
6/6/17,0.00337801,0.01592196,-0.014592621
6/7/17,0.005956781,0.019271645,-0.002329348
6/8/17,-0.002445872,0.028777979,-0.013342238
6/9/17,-0.038776949,-0.034270311,0.005071076
6/12/17,-0.023895668,0.004729724,-0.007904573
6/13/17,0.008045845,0.047185314,0.003729373
6/14/17,-0.009754915,0.012528288,0.00540457
6/15/17,-0.005993751,-0.013975765,0.009742878
6/16/17,-0.013999445,-0.010497176,0.002994552
6/19/17,0.028607605,-0.004308024,0.010449572
6/20/17,-0.009088598,0.006598148,-0.009684834
6/21/17,0.005930706,0.011175599,0.011602783
6/22/17,-0.001645115,0.016498459,0.008028864
6/23/17,0.004463271,0.002195434,0.006501922
6/26/17,-0.003144695,-0.015543108,-0.002745363
6/27/17,-0.014332773,-0.040054067,-0.003886766
6/28/17,0.01461073,0.024477772,0.008128758
6/29/17,-0.014743233,-0.02825664,-0.003225322
6/30/17,0.002366492,0.002383881,0.005339056
7/3/17,-0.003610773,-0.024860997,-0.00112648
7/5/17,0.004111192,-0.072400925,0.017560801
7/6/17,-0.009438069,-0.055825615,0.003166613
7/7/17,0.010159021,0.014214973,0.013888798
7/10/17,0.006103261,0.009035151,-0.017278885
7/11/17,0.003240048,0.035342525,-0.020909368
7/12/17,0.001443147,0.007028895,0.004368387
7/13/17,0.013928829,-0.018542122,-0.000966514
7/14/17,0.00859472,0.013512276,-0.001451132
7/17/17,0.003488503,-0.025047273,0.003390883
7/18/17,0.003477222,0.027130237,-0.009172891
7/19/17,0.00626323,-0.009078738,-0.00259858
7/20/17,-0.004502751,0.014326984,-0.016446867
7/21/17,-0.000465275,-0.004607193,-0.001986726
7/24/17,0.012111334,0.042996315,-0.007796961
7/25/17,0.004273583,-0.00852505,-0.016552508
7/26/17,0.004714024,0.012514709,0.011900891
7/27/17,-0.018897396,-0.027308406,-0.049563244
7/28/17,-0.007040407,0.001823865,-0.000176815
7/31/17,-0.005150559,-0.034619632,-0.018564184
8/1/17,0.00887546,-0.012056744,0.003783055
8/2/17,0.047250479,0.019776574,-0.000359025
8/3/17,-0.009990974,0.065052593,0.007360874
8/4/17,0.005270921,0.028292446,0.008376436
8/7/17,0.01547423,-0.004875276,-0.021385597
8/8/17,0.007997027,0.028296338,-0.010113872
8/9/17,0.006121728,-0.004627321,-0.002189425
8/10/17,-0.031851955,-0.022364027,-0.012433685
8/11/17,0.013907095,0.006949845,0.002406821
8/14/17,0.015049244,0.016570333,0.010713134
8/15/17,0.010947903,-0.004040668,0.008771838
8/16/17,-0.004022349,0.001600723,0.001992902
8/17/17,-0.019198378,-0.030282962,-0.039052724
8/18/17,-0.002280656,-0.01267342,0.000376443
8/21/17,-0.001841269,-0.027629052,0.006958659
8/22/17,0.016347545,0.010329693,0.000280889
8/23/17,0.001251905,0.033455458,-0.032004618
8/24/17,-0.004438161,0.000453525,-0.019528215
8/25/17,0.003704624,-0.013827076,0.038848396
8/28/17,0.010071299,-0.006866786,-0.017653614
8/29/17,0.008918043,0.004918069,-0.005603973
8/30/17,0.002700831,0.01675498,0.001165999
8/31/17,0.003978973,0.007701427,0.012034195
9/1/17,0.000305179,-0.001404861,0.000958947
9/5/17,-0.012008771,-0.016347819,-0.020118954
9/6/17,-0.00104877,-0.014474113,0.010363776
9/7/17,-0.004014465,0.017647288,0.01045098
9/8/17,-0.016309289,-0.020564188,0.012641149
9/11/17,0.018092228,0.0590856,0.013807521
9/12/17,-0.003962594,-0.002584564,0.006529941
9/13/17,-0.007521979,0.00959337,0.013160296
9/14/17,-0.00858128,0.031155257,-0.005671534
9/15/17,0.010108827,0.005746187,0.006807882
9/18/17,-0.007568504,0.013664754,-0.011513278
9/19/17,0.000378098,-0.025714325,-0.010168177
9/20/17,-0.016757947,-0.003172474,0.013261095
9/21/17,-0.017171848,-0.019871093,0.007004585
9/22/17,-0.009778818,-0.041994053,0.005491491
9/25/17,-0.008822304,-0.017374476,0.003458993
9/26/17,0.01720374,0.000753674,0.010885347
9/27/17,0.007117504,-0.012396857,0.002871543
9/28/17,-0.00615923,-0.004017978,0.005189516
9/29/17,0.005479787,0.004417005,-0.00338256
10/2/17,-0.002011148,0.001260613,0.000178759
10/3/17,0.004355827,0.019354054,0.045007938
10/4/17,-0.006473248,0.019733455,-0.002221705
10/5/17,0.012444427,0.000901425,-0.001541647
10/6/17,-0.000578889,0.0043621,0.002573209
10/9/17,0.003476916,-0.039060777,-0.013346953
10/10/17,0.000385072,0.036886906,0.00607006
10/11/17,0.004169305,-0.002784077,0.009308652
10/12/17,-0.003513181,0.003045742,0.004440884
10/13/17,0.006346031,-0.000309323,0.005271051
10/16/17,0.01840911,-0.013977487,-0.004059504
10/17/17,0.003690279,0.01468909,-0.002547617
10/18/17,-0.004424608,0.010962726,0.001702708
10/19/17,-0.023660721,-0.021798971,-0.003399698
10/20/17,0.001731041,-0.019072838,0.012621635
10/23/17,-0.00051228,-0.023413475,-0.010274671
10/24/17,0.005955593,0.000949543,0.000680767
10/25/17,-0.004392265,-0.034090279,-0.027890943
10/26/17,0.006393372,0.001012798,-0.035864246
10/27/17,0.035829897,-0.016249149,-0.01814561
10/30/17,0.022508509,-0.002462134,0.011458078
10/31/17,0.013915462,0.035772323,-0.015896244
11/1/17,-0.012718692,-0.031520481,0.002413668
11/2/17,0.007310231,-0.067958169,0
11/3/17,0.026113863,0.02282293,0.002778208
11/6/17,0.010144859,-0.010813797,0.007018989
11/7/17,0.00321372,0.010799904,-0.011922246
11/8/17,0.008180446,-0.005423967,0.002598885
11/9/17,-0.002042807,-0.00459933,-0.010183314
11/10/17,-0.00330929,0,0.000561227
11/13/17,-0.004007813,0.04095848,-0.004486915
11/14/17,-0.015117525,-0.021242866,0.009389735
11/15/17,-0.013190225,0.008422352,0.016372017
11/16/17,0.011947162,0.003854835,0.011715291
11/17/17,-0.005552568,0.008159968,-0.01013205
11/20/17,-0.00099892,-0.02002852,-0.001096809
11/21/17,0.018590392,0.029377453,0.014272625
11/22/17,0.010511805,-0.016393443,-0.006133881
11/24/17,5.69643E-05,0.009436996,0.000907672
11/27/17,-0.00502933,0.003993012,-0.009793217
11/28/17,-0.005859029,0.002335753,0.028754402
11/29/17,-0.020742946,-0.03152258,0.048246531
11/30/17,0.013983853,0.004259625,0.030400801
12/1/17,-0.004655045,-0.007511737,-0.012361973
12/4/17,-0.007307963,-0.004338874,0.035213615
12/5/17,-0.000942579,-0.004914793,-0.004997546
12/6/17,-0.00371347,0.031478399,-0.007711761
12/7/17,0.001834307,-0.006448302,0.031086422
12/8/17,0.000295199,0.012498393,0.004919179
12/11/17,0.019483865,0.043727937,-0.000158049
12/12/17,-0.005617377,0.036849033,0.001737259
12/13/17,0.003319738,-0.005864601,-0.00457196
12/14/17,-0.000290412,-0.00336249,0.011244806
12/15/17,0.010161405,0.016455044,0.01331236
12/18/17,0.014083034,-0.013335274,0.015456009
12/19/17,-0.010656726,-0.022929161,0.003348481
12/20/17,-0.001088214,-0.006402945,0.002578904
12/21/17,0.003785026,0.008146438,-0.000907886
12/22/17,0,-0.019477778,-0.000908477
12/26/17,-0.025369659,-0.024323508,0.000151662
12/27/17,0.000175881,-0.017807069,-0.000303045
12/28/17,0.002813668,0.01193685,-0.001364528
12/29/17,-0.010813636,-0.012715611,-0.006376346
1/2/18,0.017904522,0.029484551,0.012834167
1/3/18,-0.000174082,-0.010233082,-0.020817313
1/4/18,0.004644871,-0.008290008,-0.003235618
1/5/18,0.011385194,0.006229769,-0.005873001
1/8/18,-0.003714017,0.062638131,-0.00497526
1/9/18,-0.000114712,-0.008085357,-0.025312396
1/10/18,-0.00022981,0.003326441,0.009297701
1/11/18,0.005680469,0.009408557,0.029860213
1/12/18,0.010326389,-0.005118997,0.008019802
1/16/18,-0.005082224,0.011421063,0.001683036
1/17/18,0.016516328,0.020878639,0.009164643
1/18/18,0.000893074,-0.007460508,-0.015287026
1/19/18,-0.004462505,0.015816771,-0.000153483
1/22/18,-0.008181185,0.00439972,-0.002459887
1/23/18,0.000225894,0.003498734,0.005701967
1/24/18,-0.015928484,-0.019558349,-0.046736084
1/25/18,-0.017851155,-0.023851528,-0.0324706
1/26/18,0.002337674,0.015430636,0.010466837
1/29/18,-0.02069847,0.01948371,-0.007563381
1/30/18,-0.005894177,-0.010614211,-0.008780664
1/31/18,0.002754906,0.024550329,0.016212715
2/1/18,0.002090498,-0.014281307,-0.008059257
2/2/18,-0.043390083,-0.015748003,-0.026529622
2/5/18,-0.024984277,-0.03089456,-0.029296449
2/6/18,0.041791329,0.002521538,0.020178883
2/7/18,-0.021406893,0.033026934,-0.004300043
2/8/18,-0.027516671,-0.086289841,-0.039039446
2/9/18,0.012231674,-0.015258716,-0.002336928
2/12/18,0.040278608,0.017105857,0.023603661
2/13/18,0.010018089,0.025116429,0.006160915
2/14/18,0.018437146,-0.004171105,0.009971934
2/15/18,0.0335783,0.036486691,0.007794902
2/16/18,-0.003237556,0.004250561,0.001546855
2/20/18,-0.003363493,-0.002146085,-0.009267132
2/21/18,-0.004538825,-0.004391044,0.00519656
2/22/18,0.008359424,0.038613814,-0.012234929
2/23/18,0.017391035,0.016985917,0.011688729
2/26/18,0.019772253,0.015253472,0.026038925
2/27/18,-0.003240745,-0.017990081,-0.01714292
2/28/18,-0.001513632,-0.022593208,-0.010943861
3/1/18,-0.017516143,-0.03535829,0.002939183
3/2/18,0.006914296,0.012661364,-0.003447598
3/5/18,0.003461893,-0.00528175,0.00985983
3/6/18,-0.000848577,-0.015449213,-8.58397E-05
3/7/18,-0.009282953,0.012492383,-0.011673952
3/8/18,0.01091236,-0.009629838,0.013896099
3/9/18,0.017181039,-0.005864509,0.022785832
3/12/18,0.009667724,0.056056471,0.001004955
3/13/18,-0.009630052,-0.010621994,0.009538184
3/14/18,-0.008501527,-0.044494503,-0.011768674
3/15/18,0.0011769,-0.003153308,0.005367326
3/16/18,-0.003526551,-0.013052917,0.016016101
3/19/18,-0.015279154,-0.024241405,-0.004926187
3/20/18,-0.000342141,-0.009599454,0.001485138
3/21/18,-0.022654506,0.019256142,-0.04794858
3/22/18,-0.014129756,-0.023473288,-0.013499465
3/23/18,-0.02315671,-0.02445812,-0.004912233
3/26/18,0.047471792,0.008755058,0.015338477
3/27/18,-0.025641293,-0.082188179,-0.015627802
3/28/18,-0.011048979,-0.076653039,-0.007761508
3/29/18,0.007808842,0.032392001,0.018311186
4/2/18,-0.006556219,-0.051290796,-0.05132672
4/3/18,0.010259141,0.059608744,0.029996342
4/4/18,0.019122344,0.072552591,0.006967945
4/5/18,0.006934253,0.06544924,0.008871517
4/6/18,-0.025578751,-0.020999607,-0.027611576
4/9/18,0.009918302,-0.032208519,-0.007958165
4/10/18,0.018817997,0.051922945,-0.013126638
4/11/18,-0.004675446,-0.012372793,-0.011638662
4/12/18,0.009858506,-0.022762752,0.026915797
4/13/18,0.003388111,0.021286707,0.002366274
4/16/18,0.006238156,-0.030398881,-0.003268675
4/17/18,0.013764288,-0.012087548,-0.0112952
4/18/18,-0.002244244,0.019673955,0.028560805
4/19/18,-0.028340288,0.022941896,-0.018273037
4/20/18,-0.040972057,-0.03279124,-0.00054736
4/23/18,-0.002896589,-0.023670066,0.003834164
4/24/18,-0.013919042,0.000317624,-0.020007184
4/25/18,0.004357316,-0.009772119,-0.000927908
4/26/18,0.003482988,0.017065107,-0.009846005
4/27/18,-0.011569653,0.030124719,0.004315228
4/30/18,0.018112303,-0.000612129,-0.013076777
5/1/18,0.023236082,0.020483192,0.002082203
5/2/18,0.044175123,0.004101077,-0.013789202
5/3/18,0.001812249,-0.055454109,0.00057469
5/4/18,0.039233337,0.033889999,0.010336776
5/7/18,0.0072348,0.029514774,-0.014778386
5/8/18,0.004806996,-0.00264227,0.006346236
5/9/18,0.007040894,0.016160512,-0.014714214
5/10/18,0.014304074,-0.005963777,0.007369972
5/11/18,-0.003803088,-0.012982755,0.010011593
5/14/18,-0.002333359,-0.030193333,-0.004956177
5/15/18,-0.009088304,-0.026680857,-0.009578441
5/16/18,0.009332414,0.008093497,0.025338276
5/17/18,-0.006323462,-0.006771851,-0.010186649
5/18/18,-0.003636513,-0.027131563,-0.005336389
5/21/18,0.007084962,0.027707555,0.000574891
5/22/18,-0.002505011,-0.033322789,-0.02623524
5/23/18,0.006411775,0.0147631,-0.010422918
5/24/18,-0.001115113,-0.004371645,0.017686986
5/25/18,0.002285512,0.003599064,0.032220139
5/29/18,-0.003606028,0.017608015,-0.025917369
5/30/18,-0.002128716,0.028051928,-0.003107528
5/31/18,-0.003359953,-0.023961383,-0.004870304
6/1/18,0.018033988,0.024900766,-0.002349394
6/4/18,0.008357846,0.016859743,0.013540106
6/5/18,0.007714949,-0.018905405,-0.011458534
6/6/18,0.00346615,0.097447872,-0.002946999
6/7/18,-0.00268079,-0.010672973,-0.002167582
6/8/18,-0.009097327,0.004966972,-0.003159539
6/11/18,-0.002451848,0.045457359,0.009904975
6/12/18,0.00549065,0.032128923,-0.000196153
6/13/18,-0.008217232,0.00586399,0.007455315
6/14/18,0.000524561,0.03753115,0.011489775
6/15/18,-0.010272749,0.001258023,0.004620719
6/18/18,-0.00052931,0.035346301,0.003641354
6/19/18,-0.01615989,-0.049294798,-0.012602734
6/20/18,0.00436209,0.027428704,0.005608131
6/21/18,-0.005576262,-0.040610692,0.02211547
6/22/18,-0.002911875,-0.039941312,-0.023330163
6/25/18,-0.014871227,-0.001858361,-0.012136478
6/26/18,0.012405908,0.026996263,-0.00214504
6/27/18,-0.001463934,0.007309941,-0.01563421
6/28/18,0.00727646,0.015761944,0.006551602
6/29/18,-0.002102326,-0.019946904,0.003550353
7/2/18,0.011182356,-0.022977053,0.012971719
7/3/18,-0.017416537,-0.072253544,-0.000388063
7/5/18,0.008047206,-0.0054687,0.006599238
7/6/18,0.013862,-0.000841021,0.016968851
7/9/18,0.013885008,0.031110408,0.009859607
7/10/18,-0.001206719,0.012432938,-0.004881634
7/11/18,-0.012976237,-0.010884779,-0.008868047
7/12/18,0.016766053,-0.007054192,0.004568879
7/13/18,0.0015704,0.006820104,0.006064055
7/16/18,-0.002195151,-0.027503341,-0.000188357
7/17/18,0.002828575,0.040599839,0.002637496
7/18/18,-0.00548458,0.003594704,0.012777323
7/19/18,0.007773068,-0.011178,-0.00222645
7/20/18,-0.00229294,-0.020766294,-0.006508011
7/23/18,0.000887968,-0.033101617,0.002433194
7/24/18,0.007254318,-0.019030327,-0.030806632
7/25/18,0.00943015,0.038025771,0.007320391
7/26/18,-0.00313105,-0.006769434,0.084337252
7/27/18,-0.016631663,-0.030882128,0.029629629
7/30/18,-0.005602562,-0.023588414,-0.008221911
7/31/18,0.002000938,0.027466623,0.004490357
8/1/18,0.058909991,0.009056165,-0.028197996
8/2/18,0.029230901,0.161880039,0.003007694
8/3/18,0.002893117,-0.003919351,0.012700824
8/6/18,0.005192447,-0.017749949,0.00661901
8/7/18,-0.009374747,0.10988622,0.005191146
8/8/18,0.000675933,-0.02431699,0.012566747
8/9/18,0.007864943,-0.048307001,0.002890208
8/10/18,-0.002978551,0.008625366,0
8/13/18,0.006456792,0.002587949,-0.002542703
8/14/18,0.004213234,-0.024606465,0.004248671
8/15/18,0.002335938,-0.025745038,0.020985028
8/16/18,0.014650128,-0.009566314,-0.013426211
8/17/18,0.019969857,-0.089283028,0.002688277
8/20/18,-0.009743531,0.009623601,0.032674047
8/21/18,-0.001949472,0.043638909,-0.007645953
8/22/18,4.67065E-05,-0.000807611,-0.006393464
8/23/18,0.002046097,-0.004788055,0.006599549
8/24/18,0.003108988,0.008497439,-0.00032773
8/27/18,0.00823487,-0.010996886,-0.001311616
8/28/18,0.008075441,-0.023209165,0.006895378
8/29/18,0.01492937,-0.021965032,-0.001793523
8/30/18,0.009193787,-0.006098128,-0.006533907
8/31/18,0.011553994,-0.004915058,0.007892111
9/4/18,0.003206828,-0.042133527,0.011256193
9/5/18,-0.006524701,-0.028413254,-0.009517632
9/6/18,-0.016617334,0.000748023,-0.006026164
9/7/18,-0.008068187,-0.063036129,0.014255342
9/10/18,-0.013420603,0.084561599,0.00985457
9/11/18,0.025282846,-0.021225885,0.00751881
9/12/18,-0.012418977,0.039722338,-0.025563673
9/13/18,0.024155142,-0.003717285,0.016131623
9/14/18,-0.011351163,0.019830081,0.001122549
9/17/18,-0.026626147,-0.001219546,0.010731981
9/18/18,0.00165243,-0.033509667,-0.000792445
9/19/18,0.000595436,0.049340257,0.000951766
9/20/18,0.007601797,-0.002307555,-0.009665678
9/21/18,-0.010771178,0.002581034,0.020319903
9/24/18,0.014380267,0.001939168,-0.026814984
9/25/18,0.006340832,0.004371346,-0.006606561
9/26/18,-0.007966254,0.02853912,0.007137005
9/27/18,0.020551738,-0.006654144,0.00998561
9/28/18,0.003511896,-0.139015393,-0.004146044
10/1/18,0.006733411,0.173471318,-0.012009691
10/2/18,0.008888473,-0.031155456,-0.008427943
10/3/18,0.012168667,-0.020663079,0.008172691
10/4/18,-0.017580929,-0.043995896,-0.001621311
10/5/18,-0.016228832,-0.070539012,-0.008606664
10/8/18,-0.002318367,-0.043481562,-0.007043524
10/9/18,0.01385337,0.048850595,-0.018640612
10/10/18,-0.046325977,-0.022526674,-0.036308631
10/11/18,-0.008827943,-0.018101838,-0.005232796
10/12/18,0.035719331,0.025968402,0.006137039
10/15/18,-0.021385779,0.003130033,0.005228307
10/16/18,0.022037024,0.065487925,0.021844602
10/17/18,-0.004321236,-0.017390397,0.00441124
10/18/18,-0.023373568,-0.028957209,-0.02094591
10/19/18,0.015230038,-0.014815676,0.002933207
10/22/18,0.006110048,0.003653827,-0.004472777
10/23/18,0.009426657,0.127189119,-0.006739194
10/24/18,-0.034301554,-0.019174509,-0.050278348
10/25/18,0.021897706,0.091369132,-0.085730031
10/26/18,-0.015923461,0.050943276,-0.006611913
10/29/18,-0.018770214,0.011937156,-0.033682952
10/30/18,0.004994261,-0.014782708,0.025881814
10/31/18,0.026066676,0.022491572,-0.001017278
11/1/18,0.015352209,0.020633316,0.037678203
11/2/18,-0.066330733,0.006186752,0.017075633
11/5/18,-0.028388224,-0.014462617,-0.007719158
11/6/18,0.010813922,-0.000995914,0.008556991
11/7/18,0.030328452,0.02081754,0.01966838
11/8/18,-0.003489299,0.009305994,-0.003025566
11/9/18,-0.019281387,-0.002532755,-0.004362789
11/12/18,-0.050374138,-0.054862916,-0.011430817
11/13/18,-0.009991374,0.022488606,0.016188074
11/14/18,-0.028247277,0.015558128,-0.004741077
11/15/18,0.024678904,0.012906991,0.0142912
11/16/18,0.011075564,0.016846458,-0.012211134
11/19/18,-0.039632099,-0.002370805,-0.003613626
11/20/18,-0.047777865,-0.01691797,-0.015651847
11/21/18,-0.001130069,-0.026763374,0.013185883
11/23/18,-0.025398776,-0.036547503,0.008229803
11/26/18,0.013523607,0.061903401,0.001518594
11/27/18,-0.002176142,-0.006011561,0.000568696
11/28/18,0.038452686,0.01148523,0.005493441
11/29/18,-0.007681971,-0.019260012,0.002825877
11/30/18,-0.005402418,0.027288448,0.025925287
12/3/18,0.034942397,0.022854328,-0.004394867
12/4/18,-0.043988777,0.003375324,-0.026009934
12/6/18,-0.011149598,0.00934109,0.01515149
12/7/18,-0.035656915,-0.014019694,-0.041791041
12/10/18,0.006587904,0.020057504,-0.004283578
12/11/18,-0.005719462,0.00440912,-0.001173153
12/12/18,0.002787383,-0.000436212,-0.003523892
12/13/18,0.010939996,0.02779599,-0.011002049
12/14/18,-0.031997522,-0.029406353,-0.00496619
12/17/18,-0.009306217,-0.047277899,-0.013974856
12/18/18,0.012992653,-0.032690432,0.004251831
12/19/18,-0.031191784,-0.012046346,-0.016532214
12/20/18,-0.025234522,-0.052827611,-0.035055377
12/21/18,-0.038895673,0.0139197,-0.023794165
12/24/18,-0.025874006,-0.0762423,-0.033732465
12/26/18,0.070421468,0.10393045,0.052252345
12/27/18,-0.006489808,-0.030543714,0.001712267
12/28/18,0.000512121,0.056116153,-0.000854703
12/31/18,0.009665499,-0.0032049,-0.005988015
1/2/19,0.001141212,-0.068149041,0.014199643
1/3/19,-0.099607313,-0.031471673,-0.032456444
1/4/19,0.042688877,0.057697414,0.049331247
1/7/19,-0.002225674,0.054361156,0.000208848
1/8/19,0.019063205,0.001164363,-0.00689359
1/9/19,0.016981648,0.009482645,0.03239378
1/10/19,0.003195872,0.019023454,-0.001833755
1/11/19,-0.009817729,0.006638258,-0.009593785
1/14/19,-0.01503705,-0.037032856,0.004946404
1/15/19,0.020466706,0.029994095,0.017432308
1/16/19,0.012216688,0.004703379,0.003426685
1/17/19,0.005937817,0.003641078,0.01627156
1/18/19,0.006159423,-0.129711184,0.019371562
1/22/19,-0.022446347,-0.011050089,-0.019972846
1/23/19,0.004044465,-0.037903084,0.009497327
1/24/19,-0.00792632,0.013630446,0.06252455
1/25/19,0.033136878,0.018970242,0.014203987
1/28/19,-0.009254437,-0.002221923,0.009821775
1/29/19,-0.010364721,0.003643971,0.015309786
1/30/19,0.068334649,0.038021935,0.019868805
1/31/19,0.007201165,-0.005667697,-0.012697896
2/1/19,0.000480633,0.016904469,0.006518609
2/4/19,0.028405008,0.002177989,0.02030465
2/5/19,0.017109499,0.027038225,-0.007033873
2/6/19,0.000344421,-0.012851984,-0.004664843
2/7/19,-0.018939318,-0.030609687,-0.002256496
2/8/19,0.001175067,-0.005560779,0.002957513
2/11/19,-0.005750822,0.023021599,0.010928047
2/12/19,0.008617015,-0.003292434,-0.009951926
2/13/19,-0.00415482,-0.011673792,0.005199265
2/14/19,0.00364314,-0.014277785,0
2/15/19,-0.002224668,0.01352994,-0.005172373
2/19/19,0.00299266,-0.007275594,-0.000519958
2/20/19,0.006435513,-0.010077166,-0.056528525
2/21/19,-0.005638829,-0.037447167,-0.001837827
2/22/19,0.011165989,0.01194937,-0.012704916
2/25/19,0.007284247,0.013776271,0.006340894
2/26/19,0.000574201,-0.003045871,-0.005003727
2/27/19,0.003097513,0.056670971,0.002980191
2/28/19,-0.009835944,0.016330939,0.04066845
3/1/19,0.010510983,-0.078435692,-0.030335523
3/4/19,0.00502962,-0.03198889,-0.00938527
3/5/19,-0.001819919,-0.030908327,-0.005217072
3/6/19,-0.005753948,-0.001084798,-0.006180959
3/7/19,-0.011574589,0.001267014,-0.011873334
3/8/19,0.002376972,0.027296684,-0.012588286
3/11/19,0.03464217,0.02386146,-0.003090565
3/12/19,0.01123534,-0.025986475,-0.023445052
3/13/19,0.004422178,0.019762828,0.0041666
3/14/19,0.011116508,0.003460704,0.010867405
3/15/19,0.013008085,-0.050110394,0.004104784
3/18/19,0.010208587,-0.021566279,-0.00564523
3/19/19,-0.007924571,-0.00749564,-0.006656198
3/20/19,0.008738344,0.022918496,-0.020496655
3/21/19,0.036830364,0.001535088,0.020925559
3/22/19,-0.020708385,-0.034632563,-0.027985885
3/25/19,-0.012090927,-0.015536953,-0.012773705
3/26/19,-0.010331827,0.028223658,0.001232356
3/27/19,0.008994143,0.026365892,0.022153787
3/28/19,0.001326552,0.013790325,0.012442342
3/29/19,0.006517573,0.004450524,0.028939497
4/1/19,0.006791166,0.033302348,0.009632001
4/2/19,0.014536757,-0.011411578,0.00572419
4/3/19,0.006854829,0.020742987,0.003414893
4/4/19,0.001740623,-0.082348103,0.005483088
4/5/19,0.006693991,0.026813074,0.001316257
4/8/19,0.01573632,-0.006400967,-0.024600984
4/9/19,-0.002998458,-0.003257632,-0.000962554
4/10/19,0.005613888,0.013771069,0.01406813
4/11/19,-0.008324075,-0.027675215,0.007221599
4/12/19,-0.000402194,-0.002682308,0.002452924
4/15/19,0.001810268,-0.004930893,-0.015810273
4/16/19,0.000100294,0.026203168,0.00937068
4/17/19,0.019473163,-0.007791977,-0.000378863
4/18/19,0.00359369,0.00748446,-0.010993119
4/22/19,0.003286613,-0.038461557,-0.009007351
4/23/19,0.014423191,0.004376784,0.020885733
4/24/19,-0.001542317,-0.019856025,0.002651982
4/25/19,-0.009075009,-0.042642795,0.007934978
4/26/19,-0.004774116,-0.050438173,-0.006935263
4/29/19,0.001517622,0.026920111,0.016043791
4/30/19,-0.019256388,-0.011512818,0.007430875
5/1/19,0.049085629,-0.019607043,-0.006085293
5/2/19,-0.006507552,0.04311786,-0.00983306
5/3/19,0.012431244,0.044776751,0.004684329
5/6/19,-0.015442912,0.001215543,-0.002611007
5/7/19,-0.026957026,-0.03242739,-0.023747072
5/8/19,0.000197201,-0.008985672,0.003830537
5/9/19,-0.010744277,-0.011681078,0.000954058
5/10/19,-0.013853381,-0.01016615,0.005337463
5/13/19,-0.058119441,-0.052229439,-0.032233657
5/14/19,0.015830464,0.023347033,0.011951444
5/15/19,0.011979084,-0.001549718,0.006969893
5/16/19,-0.004399845,-0.015606791,0.011151722
5/17/19,-0.005681743,-0.075767508,-0.006655178
5/20/19,-0.031269941,-0.026868265,-0.004402857
5/21/19,0.019170982,-0.001363459,0.026148849
5/22/19,-0.020471668,-0.060220355,-0.014989656
5/23/19,-0.017069501,0.014320526,-0.030625834
5/24/19,-0.003840584,-0.024860632,0.003728499
5/28/19,-0.004134834,-0.010124246,-0.021896523
5/29/19,-0.004769184,0.00614727,-0.009394355
5/30/19,0.005186663,-0.008637917,-0.003430182
5/31/19,-0.018115377,-0.01625757,-0.036242138
6/3/19,-0.010110435,-0.0334306,0.003991688
6/4/19,0.03658407,0.081745602,0.028145271
6/5/19,0.016143527,0.015444214,0.025944899
6/6/19,0.014681542,0.047611729,-0.004778993
6/7/19,0.026616925,-0.007040471,0.007803068
6/10/19,0.012779452,0.040977944,-0.00138967
6/11/19,0.011579531,0.019823328,0.005566637
6/12/19,-0.003182404,-0.036112323,0.004547233
6/13/19,-0.000206289,0.02222116,0.030899398
6/14/19,-0.00726234,0.004721612,-0.010691155
6/17/19,0.005966675,0.047040758,-0.012350412
6/18/19,0.023518383,-0.001288695,0.010160255
6/19/19,-0.002922501,0.007519734,-0.003675072
6/20/19,0.008035612,-0.030075499,0.000194156
6/21/19,-0.003409235,0.010199481,-0.005240681
6/24/19,-0.001006168,0.008023055,-0.000585383
6/25/19,-0.015157533,-0.017349333,-0.00429514
6/26/19,0.021628989,-0.002229705,-0.005882368
6/27/19,-0.000300264,0.01628132,0.000788991
6/28/19,-0.009111931,0.002782265,0.00078827
7/1/19,0.018340808,0.016602456,0.014966579
7/2/19,0.005854591,-0.01153317,-0.002134314
7/3/19,0.008286904,0.046092184,0.008944139
7/5/19,-0.000880558,-0.007662857,-0.000192656
7/8/19,-0.020614089,-0.011840369,0.003855112
7/9/19,0.006099385,-0.001215594,-0.007488506
7/10/19,0.009888723,0.03851167,0.003288745
7/11/19,-0.007282319,-0.00133934,-0.000385633
7/12/19,0.007682696,0.027158382,0.012924348
7/15/19,0.009395136,0.03435617,-0.00476094
7/16/19,-0.003460161,-0.004418126,0.01951781
7/17/19,-0.005623335,0.009826412,-0.018393468
7/18/19,0.011359777,-0.005179314,0.00267693
7/19/19,-0.014927571,0.018300899,-0.008009177
7/22/19,0.02285393,-0.009683166,0.012687453
7/23/19,0.007817833,0.017560974,0.027334814
7/24/19,-0.000814028,0.018103586,0.011086484
7/25/19,-0.007907219,-0.136137151,0.003472245
7/26/19,0.003477925,-0.003408749,-0.030231271
7/29/19,0.009338532,0.033897495,-0.006948384
7/30/19,-0.004292153,0.027526849,-0.006240557
7/31/19,0.020404267,-0.002683088,-0.019410043
8/1/19,-0.021639183,-0.032117856,-0.01106153
8/2/19,-0.021158072,0.00209536,-0.006671931
8/5/19,-0.052347793,-0.025689148,-0.032793345
8/6/19,0.018930152,0.010642979,0.015318646
8/7/19,0.010355445,0.011570877,0.004425691
8/8/19,0.022055839,0.020906564,0.011215695
8/9/19,-0.008240204,-0.013806148,-0.000792253
8/12/19,-0.002537695,-0.02553085,-0.007928689
8/13/19,0.042348587,0.026156108,-0.002597432
8/14/19,-0.029765215,-0.065446809,-0.023237104
8/15/19,-0.004981447,-0.018122257,-0.01127969
8/16/19,0.023594848,0.019940666,0.032773291
8/19/19,0.018643845,0.031326772,0.017071588
8/20/19,4.75997E-05,-0.00427633,-0.008719763
8/21/19,0.010838672,-0.022270455,0.01139544
8/22/19,-0.000846475,0.005977449,0.011860049
8/23/19,-0.046220515,-0.048390749,-0.012306971
8/26/19,0.018999287,0.017029352,0.002571076
8/27/19,-0.011283859,-0.004279023,-0.003945458
8/28/19,0.006710331,0.007053391,0.013269845
8/29/19,0.016931725,0.028387193,0.022283089
8/30/19,-0.00129154,0.017590614,0.000382416
9/3/19,-0.014563599,-0.002659523,-0.017966351
9/4/19,0.016966346,-0.019243523,0.014013232
9/5/19,0.019551584,0.040329842,0.008061457
9/6/19,-9.37769E-05,-0.009277768,-0.007235343
9/9/19,0.004267134,0.019081116,0.018028374
9/10/19,0.011813043,0.016178437,0.005651883
9/11/19,0.031795,0.049078626,0.024915648
9/12/19,-0.002236118,-0.004977702,0.00493513
9/13/19,-0.019453981,-0.002724997,0.014732608
9/16/19,0.005257019,-0.009747165,0.000358511
9/17/19,0.003637929,0.008154524,-0.001433495
9/18/19,0.009379447,-0.005310634,0.008971851
9/19/19,-0.008125051,0.012772557,-0.020451634
9/20/19,-0.014618034,-0.024249777,-0.010711677
9/23/19,0.004546878,0.002535055,-0.000183606
9/24/19,-0.004754964,-0.074700496,0.004588851
9/25/19,0.015389625,0.024595763,0.001644418
9/26/19,-0.005157695,0.060603386,-0.004377963
9/27/19,-0.004866101,-0.001772798,-0.004397214
9/30/19,0.023535263,-0.005203796,-0.006072929
10/1/19,0.002768294,0.015859177,-0.011849612
10/2/19,-0.025067774,-0.006375434,-0.024920318
10/3/19,0.008494642,-0.041541563,0.00422751
10/4/19,0.02803177,-0.006866069,0.010141623
10/7/19,0.000220371,0.027178845,0.004735681
10/8/19,-0.011715092,0.009801426,-0.000188531
10/9/19,0.01172014,0.018662779,0.008674327
10/10/19,0.013478426,0.000858872,0.003365077
10/11/19,0.026598384,0.01287074,0.004658183
10/14/19,-0.001439433,0.03658879,0.002039972
10/15/19,-0.002331793,0.00361926,0.002406083
10/16/19,-0.004037101,0.007212416,-0.009047278
10/17/19,0.003882667,0.008546679,0.003540259
10/18/19,0.004803001,-0.019162537,-0.007055408
10/21/19,0.017342718,-0.013426698,-0.004674581
10/22/19,-0.002286756,0.008205128,-0.005823889
10/23/19,0.013418717,-0.003521402,0.006046983
10/24/19,0.001644966,0.176692316,0.057287725
10/25/19,0.012316368,0.094934562,0.007994367
10/28/19,0.010016906,-0.001279965,0.015861732
10/29/19,-0.023127954,-0.035061503,-0.007460072
10/30/19,-0.00012323,-0.00382645,-0.002971478
10/31/19,0.022609516,-0.000285673,-0.015953689
11/1/19,0.028380899,-0.005112441,0.00231592
11/4/19,0.006567136,0.013277585,0.012797794
11/5/19,-0.001436978,-0.00078746,0.015795065
11/6/19,0.000427672,0.029506368,-0.000345548
11/7/19,0.011541359,0.027435849,0.006567581
11/8/19,0.002736825,0.004768418,-0.001030254
11/11/19,0.007918635,0.023580663,0.001375031
11/12/19,-0.000915168,0.014025356,-0.007037388
11/13/19,0.009581527,-0.010916469,-0.004494404
11/14/19,-0.006919421,0.009361229,0.000694594
11/15/19,0.011879542,0.008072062,0.00277636
11/18/19,0.005041979,-0.00619015,-0.000173122
11/19/19,-0.003032539,0.02722932,-0.003980604
11/20/19,-0.011641491,-0.020304837,-0.012510875
11/21/19,-0.004483356,0.007410184,-0.004223121
11/22/19,-0.00087784,-0.061409701,0.007421787
11/25/19,0.01753392,0.009908659,0.009647458
11/26/19,-0.007808763,-0.022061025,0.000521213
11/27/19,0.013431995,0.007205491,0.002778289
11/29/19,-0.002202593,-0.00407504,-0.00190482
12/2/19,-0.011562304,0.014942111,-0.015961053
12/3/19,-0.017829888,0.003971676,-0.013928111
12/4/19,0.008826194,-0.009428837,-0.002682013
12/5/19,0.014670983,-0.007987358,-0.004481832
12/6/19,0.019316253,0.0167086,0.007383365
12/9/19,-0.014000075,0.010836836,-0.008401792
12/10/19,0.005844345,0.027420258,-0.006872868
12/11/19,0.008529579,0.011065288,-0.016572607
12/12/19,0.002548214,0.019790133,0.009074141
12/13/19,0.013593101,-0.003586466,-0.006239668
12/16/19,0.017117729,0.064482853,0.003693384
12/17/19,0.0019655,-0.006579371,-0.003127889
12/18/19,-0.002389281,0.037362465,-0.010705088
12/19/19,0.001000789,0.027699378,0.008955304
12/20/19,-0.002071239,0.003836217,0.010170093
12/23/19,0.01631828,0.033605441,0.011349057
12/24/19,0.000950727,0.014383867,-0.005610851
12/26/19,0.019840316,0.013380376,-0.000728019
12/27/19,-0.000379512,-0.001299578,-0.010564693
12/30/19,0.005935197,-0.036432852,-0.004418246
12/31/19,0.007306346,0.008753291,-0.001849175
1/2/20,0.022816719,0.028518179,0.015931848
1/3/20,-0.009722192,0.029633186,-0.008935077
1/6/20,0.007968249,0.019254668,-0.004047791
1/7/20,-0.004703168,0.038800516,0.002955836
1/8/20,0.016086324,0.049204848,0.001473489
1/9/20,0.02124095,-0.021945005,-0.001287426
1/10/20,0.002260458,-0.006627343,-0.006629838
1/13/20,0.0213646,0.097689044,0.000926969
1/14/20,-0.013503432,0.024882826,0.00926101
1/15/20,-0.004285497,-0.03610205,0.009909988
1/16/20,0.012526554,-0.009662479,0.004906454
1/17/20,0.011071116,-0.005822898,-0.005244174
1/21/20,-0.006777071,0.071890344,-0.026722321
1/22/20,0.003569563,0.040862581,-0.001120714
1/23/20,0.004816019,0.004635148,0.035901292
1/24/20,-0.002882174,-0.012897632,0.020758068
1/27/20,-0.02940532,-0.012039243,-0.00530499
1/28/20,0.028289628,0.015913418,0.02399996
1/29/20,0.020932094,0.024854481,-0.012326356
1/30/20,-0.001449073,0.10296223,-0.01863243
1/31/20,-0.044338652,0.015230684,-0.01522484
2/3/20,-0.002746364,0.198948633,0.004365263
2/4/20,0.033013672,0.137256429,0.008330326
2/5/20,0.008154404,-0.171758396,0.022808872
2/6/20,0.011696921,0.019409316,0.013520705
2/7/20,-0.013592742,-0.001188374,-0.007969587
2/10/20,0.00474954,0.031026502,0.002794262
2/11/20,-0.006033266,0.004019358,0.008881998
2/12/20,0.023747813,-0.009155802,0.009494193
2/13/20,-0.007121073,0.047843777,0.001025958
2/14/20,0.000246353,-0.004937848,-0.00973692
2/18/20,-0.018310718,0.07295974,-0.006382638
2/19/20,0.014482949,0.068755833,-0.008506886
2/20/20,-0.010259027,-0.019631086,-0.002976725
2/21/20,-0.022634956,0.001767787,-0.00720056
2/24/20,-0.047500554,-0.074594901,-0.04280911
2/25/20,-0.033872093,-0.04063374,-0.082239931
2/26/20,0.01586367,-0.02639047,-0.015304023
2/27/20,-0.0653683,-0.128145818,-0.046421306
2/28/20,-0.000584984,-0.016214992,-0.009435962
3/2/20,0.093100728,0.113220192,0.016453794
3/3/20,-0.0317593,0.002541661,-0.033354736
3/4/20,0.046384652,0.005351967,0.038044703
3/5/20,-0.032436972,-0.033302129,-0.035797997
3/6/20,-0.013279897,-0.029066759,0.010607735
3/9/20,-0.079092343,-0.13572526,-0.046140411
3/10/20,0.072021528,0.061397994,0.044475058
3/11/20,-0.034730361,-0.017200449,-0.067383646
3/12/20,-0.09875476,-0.116172366,-0.151094415
3/13/20,0.119808516,-0.024850629,0.144441336
3/16/20,-0.128647075,-0.185778032,-0.091085249
3/17/20,0.043969935,-0.033410464,0.01945629
3/18/20,-0.024479954,-0.160344001,-0.081045699
3/19/20,-0.007661988,0.183876813,-0.122048386
3/20/20,-0.063485524,-0.000257261,0.034996758
3/23/20,-0.021244235,0.015811815,0.056042547
3/24/20,0.100325418,0.162817445,0.116513489
3/25/20,-0.00550876,0.067821762,0.046202921
3/26/20,0.052623076,-0.020565545,0.046446647
3/27/20,-0.04140231,-0.026128464,-0.117632767
3/30/20,0.028537857,-0.023777111,-0.035184249
3/31/20,-0.002040627,0.043554457,0.014530001
4/1/20,-0.052616981,-0.080992431,-0.100252735
4/2/20,0.016686503,-0.056254664,-0.016853963
4/3/20,-0.014371294,0.056197353,-0.030476159
4/6/20,0.087237367,0.075477616,0.005239031
4/7/20,-0.011582226,0.056582161,0.067426675
4/8/20,0.025594669,0.00621507,0.046689014
4/9/20,0.007216044,0.044020116,0.063265366
4/13/20,0.01962779,0.136038432,-0.060597832
4/14/20,0.050502977,0.090544549,0.01517808
4/15/20,-0.009127379,0.028088902,-0.056354199
4/16/20,0.007946052,0.021073428,-0.065204144
4/17/20,-0.013568902,0.011647676,0.01662324
4/20/20,-0.02075673,-0.009988175,-0.004168067
4/21/20,-0.030910448,-0.079907878,-0.030585899
4/22/20,0.028803715,0.066096833,-0.013284689
4/23/20,-0.003875347,-0.036169361,0.014473242
4/24/20,0.028869434,0.027663165,-0.026874553
4/27/20,0.000706928,0.10149625,-0.007500818
4/28/20,-0.016209517,-0.03709543,0.019924424
4/29/20,0.032845244,0.040812876,0.04311209
4/30/20,0.02109599,-0.02327265,0.00904104
5/1/20,-0.016099205,-0.103033703,-0.06464
5/4/20,0.014148763,0.085367581,-0.057133117
5/5/20,0.015008777,0.009222342,-0.041364261
5/6/20,0.010317335,0.018705875,-0.056396669
5/7/20,0.010344928,-0.003245738,0.020858444
5/8/20,0.023801697,0.050484637,0.068762276
5/11/20,0.015735209,-0.009921694,-0.040808859
5/12/20,-0.011427942,-0.002317248,-0.032579532
5/13/20,-0.01207434,-0.022794399,-0.049128368
5/14/20,0.006143397,0.015639217,0.032500042
5/15/20,-0.005912021,-0.005178445,-0.036723162
5/18/20,0.023561124,0.01809376,0.134897313
5/19/20,-0.005778351,-0.006907274,0.022148431
5/20/20,0.019448166,0.009343913,0.052726578
5/21/20,-0.007455532,0.014762887,0.015437393
5/22/20,0.006438456,-0.012953099,-0.024662128
5/26/20,-0.006773542,0.002436068,0.12642878
5/27/20,0.004356962,0.001660844,0.035055351
5/28/20,0.000440137,-0.017580446,-0.032976857
5/29/20,-0.000974021,0.036224401,-0.013824916
6/1/20,0.012297875,0.075568832,0.047352059
6/2/20,0.004629505,-0.018416652,0.025580042
6/3/20,0.005504924,0.001588088,0.056264443
6/4/20,-0.008612034,-0.021042788,0.050796323
6/5/20,0.028480811,0.024618784,-0.002351712
6/8/20,0.005912586,0.072556002,0.063122053
6/9/20,0.03157807,-0.009737615,-0.063562503
6/10/20,0.025727458,0.089701977,-0.022888688
6/11/20,-0.048010513,-0.050934112,-0.116047311
6/12/20,0.008633539,-0.038608575,0.092598136
6/15/20,0.012367222,0.059468785,0.0131029
6/16/20,0.02650214,-0.00885053,0.006329114
6/17/20,-0.001391596,0.009835801,-0.007109625
6/18/20,0.000398225,0.012270768,-0.012668769
6/19/20,-0.005714628,-0.003048,-0.036262178
6/22/20,0.026163724,-0.006574059,-0.005499219
6/23/20,0.021344879,0.00750264,0.011350378
6/24/20,-0.017652086,-0.040857298,-0.071942446
6/25/20,0.013275633,0.026153932,0.022325612
6/26/20,-0.030725873,-0.026613121,-0.030633969
6/29/20,0.023046657,0.051691068,0.096370529
6/30/20,0.008347591,0.069807358,-0.024543407
7/1/20,-0.001891376,0.036876806,-0.010825015
7/2/20,0,0.079517342,0.009168826
7/6/20,0.026750035,0.134793969,0.005275498
7/7/20,-0.003102671,0.013327603,-0.03760936
7/8/20,0.023290106,-0.017253501,-0.003635232
7/9/20,0.004300314,0.020792431,-0.04013375
7/10/20,0.001749335,0.107847801,0.05226484
7/13/20,-0.004613371,-0.030809589,-0.017459422
7/14/20,0.01654843,0.013185838,0.018688757
7/15/20,0.006877423,0.019257685,0.07518797
7/16/20,-0.012305048,-0.029346528,-0.043076951
7/17/20,-0.00202027,0.000133303,-0.002338439
7/20/20,0.021074023,0.094720314,-0.033694725
7/21/20,-0.01380165,-0.04542912,0.01940567
7/22/20,0.002809247,0.0152835,-0.009518144
7/23/20,-0.045516487,-0.049776079,-0.015315256
7/24/20,-0.002477208,-0.06349349,-0.034461756
7/27/20,0.02370014,0.086520888,-0.004106096
7/28/20,-0.016427548,-0.040991194,0.024104027
7/29/20,0.01916839,0.015320073,-0.01548467
7/30/20,0.012100151,-0.007751283,-0.026108901
7/31/20,0.104688684,-0.038137999,-0.002260982
8/3/20,0.025197605,0.037909893,0.022337359
8/4/20,0.006678211,0.001346781,-0.00569981
8/5/20,0.003624607,-0.001331527,0.042038248
8/6/20,0.034889332,0.003070622,0.009168673
8/7/20,-0.022735737,-0.024751921,0.007873985
8/10/20,0.014534767,-0.023500916,0.051382303
8/11/20,-0.029739884,-0.031144034,0.008573849
8/12/20,0.033234322,0.131236426,-0.001133494
8/13/20,0.017697534,0.042604698,-0.015319177
8/14/20,-0.000891182,0.018328149,0.005474013
8/17/20,-0.002610948,0.11203056,-0.031232119
8/18/20,0.008332883,0.028028394,0.010351937
8/19/20,0.001254703,-0.004536098,0.003220141
8/20/20,0.022189672,0.065636438,0.005544179
8/21/20,0.051532372,0.024053004,0.006674405
8/24/20,0.011960329,-0.017453843,0.063995418
8/25/20,-0.00820377,0.004537789,0.004063966
8/26/20,0.013599057,0.064166191,-0.018348623
8/27/20,-0.011954392,0.039746042,0.034909317
8/28/20,-0.001619838,-0.011323299,0.030810065
8/31/20,0.033912206,0.125689019,-0.031692836
9/1/20,0.039832462,-0.046696939,0.008781213
9/2/20,-0.02071845,-0.058267538,0.03323656
9/3/20,-0.080060775,-0.090238495,-0.010977688
9/4/20,0.000661797,0.027813285,0.016778445
9/8/20,-0.067294931,-0.210628262,0.028179767
9/9/20,0.039886485,0.109233545,-0.031604914
9/10/20,-0.032645693,0.01381456,-0.007139265
9/11/20,-0.013128997,0.003716284,0.000256857
9/14/20,0.030000092,0.125831707,0.028498074
9/15/20,0.001560387,0.071826928,0.013729406
9/16/20,-0.029513674,-0.017787264,0.036690396
9/17/20,-0.015963642,-0.041493156,-0.040379954
9/18/20,-0.031720159,0.04421038,-0.01410891
9/21/20,0.030325712,0.016374581,-0.057996532
9/22/20,0.015715854,-0.055987012,0.015991445
9/23/20,-0.041946094,-0.103410944,-0.014952781
9/24/20,0.010268785,0.019534189,-0.018375447
9/25/20,0.037516162,0.050413849,0.006511042
9/28/20,0.023868975,0.034025669,0.030727872
9/29/20,-0.007567999,-0.005056992,-0.016474921
9/30/20,0.015075882,0.023719194,-0.002924781
10/1/20,0.008462243,0.044637639,0.011466667
10/2/20,-0.032280216,-0.073790628,0.021882362
10/5/20,0.030790995,0.025512532,-0.006965841
10/6/20,-0.028669391,-0.027485393,-0.023642503
10/7/20,0.016967136,0.02734426,0.026875943
10/8/20,-0.000956007,0.001457853,0.010365431
10/9/20,0.017395829,0.018970668,0.018979173
10/12/20,0.063520719,0.019124396,-0.013591769
10/13/20,-0.02652745,0.009834967,-0.001530952
10/14/20,0.00074318,0.032799718,0.003066675
10/15/20,-0.003960728,-0.026923875,-0.011464994
10/16/20,-0.014000456,-0.020517715,0.022680439
10/19/20,-0.02554183,-0.020106047,0.004284224
10/20/20,0.013191857,-0.020634555,0.007779222
10/21/20,-0.0054463,0.001659034,-0.007968127
10/22/20,-0.009583395,0.007453137,0.052459839
10/23/20,-0.00613383,-0.012118659,0.020510398
10/26/20,8.68738E-05,-0.000832099,-0.039495278
10/27/20,0.013472499,0.010469197,-0.028467106
10/28/20,-0.046312299,-0.043938976,-0.044828475
10/29/20,0.037050369,0.011846702,0.037493472
10/30/20,-0.056018045,-0.055473015,-0.001010892
11/2/20,-0.000826677,0.032135864,-0.028585809
11/3/20,0.015353423,0.058400498,0.011718645
11/4/20,0.040836677,-0.006888377,0.002059254
11/5/20,0.035493719,0.040643224,0.054456691
11/6/20,-0.001136064,-0.018580621,-0.025334982
11/9/20,-0.019968086,-0.020211657,0.096975786
11/10/20,-0.003008864,-0.025874815,0.020961541
11/11/20,0.030352665,0.016497759,-0.03548315
11/12/20,-0.002343357,-0.012873672,-0.030078736
11/13/20,0.000419475,-0.007917257,0.046755799
11/16/20,0.008720429,-0.001003682,0.038742046
11/17/20,-0.007564434,0.082138718,0.001755112
11/18/20,-0.011391278,0.101967871,-0.001314104
11/19/20,0.005168245,0.025953423,0.010526404
11/20/20,-0.010957579,-0.019348257,-0.011718771
11/23/20,-0.029742629,0.065848312,0.027887571
11/24/20,0.011594265,0.064252238,0.030762636
11/25/20,0.007467168,0.033526585,0.000414508
11/27/20,0.004826358,0.020487822,-0.011187073
11/30/20,0.021099662,-0.031002516,-0.029122145
12/1/20,0.030827343,0.030232619,0.020069055
12/2/20,0.002933556,-0.027259051,0.00359634
12/3/20,-0.001137437,0.043177099,0.008010139
12/4/20,-0.005612676,0.00953853,-0.004809703
12/7/20,0.012270018,0.071314159,0.006303824
12/8/20,0.00509085,0.012652697,-0.012737524
12/9/20,-0.020903605,-0.069859089,-0.032148922
12/10/20,0.011988789,0.037371009,0.022727296
12/11/20,-0.006734721,-0.027237815,-0.019658077
12/14/20,-0.005146702,0.04891888,-0.013513579
12/15/20,0.050090302,-0.010284008,0.025629696
12/16/20,-0.000547431,-0.016549514,-0.01486424
12/17/20,0.006963474,0.053197814,0.014432517
12/18/20,-0.015850793,0.059612707,-0.007760293
12/21/20,0.012395397,-0.064949662,-0.004996741
12/22/20,0.028464443,-0.014649245,-0.010480328
12/23/20,-0.006975874,0.008807747,0.031553398
12/24/20,0.007712151,0.024443544,-0.010053497
12/28/20,0.035765648,0.002901283,-0.003457217
12/29/20,-0.013314696,0.003465455,0.000650542
12/30/20,-0.008526695,0.043228937,0.005633759
12/31/20,-0.007702763,0.015673959,0.004309438
1/4/21,-0.024719253,0.034151994,-0.033683758
1/5/21,0.012363748,0.007317326,0.013321447
1/6/21,-0.033661502,0.028390303,0.024320794
1/7/21,0.034123247,0.079446546,0.01240646
1/8/21,0.008631191,0.078403073,-0.007394929
1/11/21,-0.023248849,-0.07821415,0.009791379
1/12/21,-0.001395351,0.047152948,0.01454473
1/13/21,0.016226554,0.005850879,-0.002908768
1/14/21,-0.015127079,-0.011013417,0.017295227
1/15/21,-0.013730651,-0.02229589,-0.044244162
1/19/21,0.005427138,0.02225963,0.005357908
1/20/21,0.032856121,0.006985997,0.02771262
1/21/21,0.036658379,-0.006420156,-0.009126717
1/22/21,0.016073592,0.001952715,-0.007954804
1/25/21,0.027683944,0.040347695,-0.037349653
1/26/21,0.001679332,0.002599953,0.004164884
1/27/21,-0.007683849,-0.021436154,-0.036236607
1/28/21,-0.034985181,-0.033246136,0.010192434
1/29/21,-0.037420601,-0.05015377,-0.014798185
2/1/21,0.016520102,0.058321635,0.019344607
2/2/21,0.006336572,0.039270764,0.018530877
2/3/21,-0.00777823,-0.020738066,0.020385796
2/4/21,0.02575781,-0.005499084,0.055424319
2/5/21,-0.003098205,0.002635313,0.018725788
2/8/21,0.001096998,0.013130262,0.043756305
2/9/21,-0.006573665,-0.016168216,-0.020291002
2/10/21,-0.004558578,-0.052551049,0.001953869
2/11/21,-0.001920186,0.008498752,0.00273009
2/12/21,0.001775874,0.005494939,-0.001555776
2/16/21,-0.01610397,-0.024383699,0.012076334
2/17/21,-0.017644011,0.00242402,0.009237875
2/18/21,-0.008636484,-0.013493728,-0.009343974
2/19/21,0.001233539,-0.007721833,0.016554379
2/22/21,-0.029798987,-0.085498514,0.037492898
2/23/21,-0.001111073,-0.021917387,0.035225405
2/24/21,-0.004052195,0.061788094,0.045310295
2/25/21,-0.034782589,-0.080590884,-0.016528925
2/26/21,0.002231575,-0.009850153,-0.003086949
3/1/21,0.053851277,0.063552913,-0.001204197
3/2/21,-0.020893742,-0.044527638,-0.00430589
3/3/21,-0.024456424,-0.048423737,0.000172963
3/4/21,-0.015811938,-0.048622182,-0.030093359
3/5/21,0.010738315,-0.037799289,0.01497853
3/8/21,-0.041673485,-0.058449722,0.063773737
3/9/21,0.04064967,0.196412108,-0.026754732
3/10/21,-0.009166655,-0.008195046,-0.007127134
3/11/21,0.016502671,0.047211296,-0.000683593
3/12/21,-0.007625466,-0.008390503,0.043783102
3/15/21,0.024456821,0.020483506,0.017532345
3/16/21,0.012742892,-0.04387377,-0.025120725
3/17/21,-0.00645052,0.036830742,0.020317129
3/18/21,-0.033905173,-0.069320792,-0.01343696
3/19/21,-0.004480167,0.002618075,0.001805054
3/22/21,0.028335708,0.02310383,-0.026044226
3/23/21,-0.006888728,-0.011701533,-0.030945174
3/24/21,-0.019993533,-0.048160496,0.001388442
3/25/21,0.004163496,0.016056602,0.038301542
3/26/21,0.005141482,-0.033854358,0.023034569
3/29/21,0.001485055,-0.011992765,-0.005384271
3/30/21,-0.012274466,0.039801106,0.015584006
3/31/21,0.018765603,0.050832256,-0.013729591
4/1/21,0.006958667,-0.009252456,0.003930527
4/5/21,0.023577238,0.044276521,0.0272431
4/6/21,0.002462252,0.000824842,0.017945005
4/7/21,0.013390391,-0.029857471,-0.009048331
4/8/21,0.019233773,0.019121596,-0.0009446
4/9/21,0.020251512,-0.009915133,-0.000630334
4/12/21,-0.013232863,0.036867388,-0.01198357
4/13/21,0.024306417,0.085956906,0.009096712
4/14/21,-0.017853152,-0.039471648,-0.003163071
4/15/21,0.018707815,0.00904087,-0.001427892
4/16/21,-0.002527701,0.001258785,-0.008738481
4/19/21,0.005068557,-0.033996625,-0.005770156
4/20/21,-0.012829979,0.006101038,-0.035144302
4/21/21,0.002929788,0.034951815,0.03659153
4/22/21,-0.011685266,-0.032830717,-0.01563509
4/23/21,0.018038371,0.013491951,0.007532324
4/26/21,0.002978018,0.012064694,0.007151016
4/27/21,-0.00244962,-0.045326499,0.006938857
4/28/21,-0.006027068,-0.01467203,-0.010096186
4/29/21,-0.000748742,-0.025057637,0.008094544
4/30/21,-0.015133172,0.047917285,0.008190124
5/3/21,0.008215112,-0.034590632,-0.010034995
5/4/21,-0.0353854,-0.016498828,-0.021399871
5/5/21,0.001955457,-0.003948893,0.000164452
5/6/21,0.012802496,-0.011029338,-0.002301545
5/7/21,0.00532736,0.013307438,0.01598288
5/10/21,-0.025804497,-0.06444371,-0.005027603
5/11/21,-0.007410285,-0.018822279,-0.025590857
5/12/21,-0.024938489,-0.044248212,-0.026262965
5/13/21,0.017919717,-0.030853231,0.029548205
5/14/21,0.019844643,0.031573034,0.03954612
5/17/21,-0.009258513,-0.021890957,-0.003210289
5/18/21,-0.01124569,0.001802919,-0.00048306
5/19/21,-0.001281539,-0.024936358,-0.027066232
5/20/21,0.021012142,0.041387155,-0.007782762
5/21/21,-0.014767138,-0.010054916,0.00283715
5/24/21,0.013314233,0.044002198,0.009818605
5/25/21,-0.00157358,-0.002885694,-0.002142403
5/26/21,-0.000394011,0.02388001,0.010900083
5/27/21,-0.012376848,0.018929742,0.00849536
5/28/21,-0.005347983,-0.008924475,-0.004373902
6/1/21,-0.002648243,-0.002111172,-0.001789798
6/2/21,0.006276106,-0.030101023,-0.007823945
6/3/21,-0.012154127,-0.053344739,-0.042878282
6/4/21,0.019022159,0.045754416,0.004977704
6/7/21,7.94201E-05,0.010149432,-0.004611443
6/8/21,0.006671967,-0.002544871,0.01063835
6/9/21,0.003077148,-0.007968982,-0.008149473
6/10/21,-0.008023269,0.018938451,-0.015747998
6/11/21,0.009832659,-0.000376942,0.001217391
6/14/21,0.024577865,0.01278917,-0.005037363
6/15/21,-0.006437774,-0.029675107,-0.002793296
6/16/21,0.00393405,0.009193156,-0.007878169
6/17/21,0.012600788,0.019392566,-0.019410588
6/18/21,-0.010091687,0.010882294,-0.00683824
6/21/21,0.014103889,-0.003978728,0.02011234
6/22/21,0.012698317,0.004638959,-0.009769077
6/23/21,-0.002089681,0.052684715,-0.010044861
6/24/21,-0.002169116,0.035411304,-0.009603171
6/25/21,-0.002248616,-0.01169429,-0.002012459
6/28/21,0.012545871,0.025079221,-0.024197966
6/29/21,0.011500206,-0.011557616,-0.005823821
6/30/21,0.004621313,-0.00155708,0.003212434
7/1/21,0.002263384,-0.002618845,0.014503692
7/2/21,0.019596425,0.001445659,-0.003713349
7/6/21,0.014718439,-0.028457809,-0.024226593
7/7/21,0.017955264,-0.022635605,-0.018716577
7/8/21,-0.009199795,0.012657991,-0.003697976
7/9/21,0.013055098,0.006341836,0.032232878
7/12/21,-0.004203784,0.043762843,0.002649508
7/13/21,0.007889299,-0.025025571,-0.026613817
7/14/21,0.024100451,-0.02267624,0.007950359
7/15/21,-0.004492037,-0.004254842,-0.003847653
7/16/21,-0.014076047,-0.009806341,-0.036114311
7/19/21,-0.026914382,0.00310453,-0.028250852
7/20/21,0.02597403,0.022097783,0.060412371
7/21/21,-0.005131755,-0.007887997,0.033054657
7/22/21,0.009628582,-0.009201984,-0.034632034
7/23/21,0.011989143,-0.009056472,-0.011503217
7/26/21,0.002894498,0.022133094,0.021301735
7/27/21,-0.01490033,-0.019524902,-0.012166802
7/28/21,-0.012196011,0.00341194,0.01192563
7/29/21,0.004552429,0.046941168,-0.004057168
7/30/21,0.00151057,0.014542019,-0.019980582
8/2/21,-0.002330877,0.032697862,-0.01543939
8/3/21,0.01264416,9.86473E-05,0.018295134
8/4/21,-0.002782262,0.001662571,-0.034550838
8/5/21,0.000748603,0.005218621,0.03169732
8/6/21,-0.004767193,-0.021731566,0.005351833
8/9/21,-0.000342154,0.020969868,-0.019913288
8/10/21,-0.003353985,-0.005281915,0.028163388
8/11/21,0.00178562,-0.003056357,0.014282899
8/12/21,0.020773412,0.020386529,-0.016396566
8/13/21,0.001410537,-0.007033599,-0.011374818
8/16/21,0.013547787,-0.043225457,-0.00595118
8/17/21,-0.006153924,-0.029817628,-0.027539433
8/18/21,-0.025501117,0.034970133,-0.00595118
8/19/21,0.002322995,-0.022525754,-0.020231214
8/20/21,0.010156856,0.01008217,-0.002106995
8/23/21,0.010257207,0.038279448,0.028505025
8/24/21,-0.000601346,0.003100668,0.043112339
8/25/21,-0.008421329,0.003825067,0.008659693
8/26/21,-0.005527103,-0.01411704,-0.019121951
8/27/21,0.007184633,0.015346013,0.012134494
8/30/21,0.030417159,0.026674332,-0.033608549
8/31/21,-0.008424785,0.006580835,0.012405959
9/1/21,0.004478706,-0.002215441,-0.00462033
9/2/21,0.007474892,-0.002315809,0.001009062
9/3/21,0.004230473,0.001611152,-0.014919295
9/7/21,0.01548933,0.026377818,-0.006754032
9/8/21,-0.010083662,0.00126177,-0.008448383
9/9/21,-0.006704868,0.001313211,0.023067353
9/10/21,-0.033101948,-0.024627037,-0.027016007
9/13/21,0.003893484,0.009140641,0.017327724
9/14/21,-0.009562139,0.00200537,-0.014364888
9/15/21,0.006143664,0.01523194,0.008952738
9/16/21,-0.001610446,0.001534701,0.01361948
9/17/21,-0.018347883,0.003302554,-0.000814271
9/20/21,-0.02136103,-0.038604863,0.010187449
9/21/21,0.003427904,0.012613531,-0.008672852
9/22/21,0.016872396,0.016987201,0.030518819
9/23/21,0.006719331,0.002260836,0.032971331
9/24/21,0.000612834,0.027533039,0.010129931
9/27/21,-0.010549995,0.021913983,0.002081381
9/28/21,-0.023801333,-0.017438318,0.001699396
9/29/21,0.006483129,0.004822779,-0.009613535
9/30/21,-0.009311868,-0.00746185,-0.021126779
10/1/21,0.008127231,-0.000335288,0.056776162
10/4/21,-0.024605692,0.0081397,0.013063533
10/5/21,0.01415843,-0.001202771,-0.010715583
10/6/21,0.006307142,0.002767103,-0.000367175
10/7/21,0.009084422,0.013874142,-0.007529844
10/8/21,-0.002721717,-0.01023172,-0.002220633
10/11/21,-0.000629801,0.00821145,-0.041728488
10/12/21,-0.009102957,0.017400269,0.00987037
10/13/21,-0.004239946,0.006652492,-0.017822921
10/14/21,0.02022555,0.008926357,0.005073132
10/15/21,0.007512543,0.030196038,-0.022325705
10/18/21,0.01180615,0.032122172,-0.011715667
10/19/21,0.015080128,-0.006711755,-0.007836026
10/20/21,0.003361159,0.001770243,0.0018226
10/21/21,0.001473879,0.032571047,-0.01637358
10/22/21,-0.005284868,0.017539142,-0.021167263
10/25/21,-0.000336279,0.126615945,-0.003149297
10/26/21,0.004574818,-0.00627402,0.002316765
10/27/21,-0.003147617,0.019078378,-0.021433074
10/28/21,0.024991621,0.037750809,0.014386987
10/29/21,-0.018155655,0.034316237,0.000846677
11/1/21,-0.005607466,0.084910203,0.039128639
11/2/21,0.007116042,-0.030274921,-0.004477936
11/3/21,0.00979878,0.035716711,0.011245124
11/4/21,-0.003498645,0.013222323,-0.00788514
11/5/21,0.003582281,-0.006358244,0.064397799
11/8/21,-0.005552597,-0.048400712,-0.016465652
11/9/21,0.002459404,-0.11990296,-0.008954623
11/10/21,-0.019163181,0.043429361,-0.023963877
11/11/21,-0.000338059,-0.004157443,-0.012276052
11/12/21,0.014336969,-0.028293073,-0.013447514
11/15/21,6.66159E-05,-0.019382273,0.014663425
11/16/21,0.006666703,0.040793736,-0.031141929
11/17/21,0.016490069,0.032501238,-0.004201597
11/18/21,0.028536017,0.00676761,-0.02173002
11/19/21,0.01697609,0.037103973,0.009920272
11/22/21,0.002927368,0.017422067,0.019004889
11/23/21,0.002422105,-0.041352932,-0.015507146
11/24/21,0.003283578,0.006284745,0.000212899
11/26/21,-0.031678408,-0.030537595,-0.043200743
11/29/21,0.021873556,0.050900199,-0.009341593
11/30/21,0.031577712,0.006833851,-0.00314322
12/1/21,-0.0032063,-0.043467635,-0.041666732
12/2/21,-0.006129842,-0.009497739,0.065569943
12/3/21,-0.01172447,-0.064198789,-0.023378937
12/6/21,0.021502806,-0.005872056,0.028907002
12/7/21,0.035446281,0.042358341,-0.007682221
12/8/21,0.022783116,0.016363167,0.001327162
12/9/21,-0.002970132,-0.060956421,-0.036668854
12/10/21,0.028013356,0.013179957,-0.037606053
12/13/21,-0.020674264,-0.04977243,-0.035501572
12/14/21,-0.0080232,-0.008174546,-0.005928804
12/15/21,0.028509108,0.018236617,-0.003230641
12/16/21,-0.039263859,-0.050277162,-0.014460284
12/17/21,-0.006501719,0.006095482,0.003288667
12/20/21,-0.008122079,-0.034989336,-0.007564271
12/21/21,0.019086939,0.042880666,0.038363769
12/22/21,0.01531877,0.074946953,0.006116956
12/23/21,0.003643848,0.057618925,0.0182393
12/27/21,0.022974804,0.025248305,-0.002627203
12/28/21,-0.005767229,-0.005000247,0.012691643
12/29/21,0.000502005,-0.002094711,-0.003074036
12/30/21,-0.006578211,-0.014592268,0.013282756
12/31/21,-0.00353534,-0.012668813,0.002808965
1/3/22,0.025004176,0.135316713,0.027077498
1/4/22,-0.012691569,-0.041832721,0.015
1/5/22,-0.026599935,-0.053471214,-0.015002194
1/6/22,-0.016693292,-0.021523402,-0.002273312
1/7/22,0.00098838,-0.035446597,0.033264959
1/10/22,0.000116155,0.030342014,-0.002425491
1/11/22,0.016783787,0.005935082,0.013041556
1/12/22,0.002570194,0.03928969,-0.013528321
1/13/22,-0.01902803,-0.067491018,0.012829065
1/14/22,0.005110696,0.017497698,0.000655143
1/18/22,-0.018894168,-0.018197212,-0.008511567
1/19/22,-0.021024756,-0.033827897,-0.022011886
1/20/22,-0.010347155,0.000622705,-0.002025658
1/21/22,-0.012765043,-0.052566066,-0.021876432
1/24/22,-0.004864369,-0.014726161,0.011528707
1/25/22,-0.011384652,-0.012473092,-0.000455915
1/26/22,-0.000563303,0.020698986,-0.00319268
1/27/22,-0.002943134,-0.115541759,-0.020361451
1/28/22,0.069777617,0.020805694,0.002568893
1/31/22,0.026125746,0.106776154,0.042627487
2/1/22,-0.000972659,-0.005839494,0.009383423
2/2/22,0.007044299,-0.027479224,-0.01969896
2/3/22,-0.016719773,-0.016032461,-0.019191736
2/4/22,-0.001679372,0.036111039,0.00506448
2/7/22,-0.004234555,-0.017307087,0.021529959
2/8/22,0.018466724,0.016157088,0.032959688
2/9/22,0.008293754,0.010845987,0.020620794
2/10/22,-0.023598843,-0.029452803,-0.010421119
2/11/22,-0.02021843,-0.049250996,-0.021491511
2/14/22,0.001423185,0.018325593,-0.003294487
2/15/22,0.023152463,0.053290836,0.042309342
2/16/22,-0.001388911,0.001040753,0.002536977
2/17/22,-0.021269185,-0.050942763,-0.021931612
2/18/22,-0.009355767,-0.022103037,-0.008624428
2/22/22,-0.017812289,-0.041366137,-0.007829513
2/23/22,-0.025864166,-0.069979245,-0.035291561
2/24/22,0.016680189,0.048073456,0.007498342
2/25/22,0.012965472,0.011364031,0.018042377